Workbook

Sheet Mediciones
A1: Mediciones auxiliares
A2: Proyecto de Urbanizacion - Ampliacion Plaza Mayor
A4: Codigo | B4: Capitulo | C4: Descripcion | D4: Unidad | E4: Longitud | F4: Anchura | G4: Espesor | H4: Factor | I4: Cantidad | J4: Observaciones
I5: =IFERROR(E5*F5*G5*H5,0) -> 0
I6: =IFERROR(E6*F6*G6*H6,0) -> 0
I7: =IFERROR(E7*F7*G7*H7,0) -> 0
I8: =IFERROR(E8*F8*G8*H8,0) -> 0
I9: =IFERROR(E9*F9*G9*H9,0) -> 0
I10: =IFERROR(E10*F10*G10*H10,0) -> 0
I11: =IFERROR(E11*F11*G11*H11,0) -> 0
I12: =IFERROR(E12*F12*G12*H12,0) -> 0
I13: =IFERROR(E13*F13*G13*H13,0) -> 0
I14: =IFERROR(E14*F14*G14*H14,0) -> 0
I15: =IFERROR(E15*F15*G15*H15,0) -> 0
I16: =IFERROR(E16*F16*G16*H16,0) -> 0
... I40: =IFERROR(E40*F40*G40*H40,0) -> 0

Sheet Resumen
A1: Resumen de mediciones
A2: Proyecto de Urbanizacion - Ampliacion Plaza Mayor
A4: Capitulo | B4: Cantidad total | C4: Observaciones
B5: =SUMIF(Mediciones!B:B,A5,Mediciones!I:I) -> 0
B6: =SUMIF(Mediciones!B:B,A6,Mediciones!I:I) -> 0
B7: =SUMIF(Mediciones!B:B,A7,Mediciones!I:I) -> 0
B8: =SUMIF(Mediciones!B:B,A8,Mediciones!I:I) -> 0
B9: =SUMIF(Mediciones!B:B,A9,Mediciones!I:I) -> 0
B10: =SUMIF(Mediciones!B:B,A10,Mediciones!I:I) -> 0
B11: =SUMIF(Mediciones!B:B,A11,Mediciones!I:I) -> 0
B12: =SUMIF(Mediciones!B:B,A12,Mediciones!I:I) -> 0
B13: =SUMIF(Mediciones!B:B,A13,Mediciones!I:I) -> 0
B14: =SUMIF(Mediciones!B:B,A14,Mediciones!I:I) -> 0
B15: =SUMIF(Mediciones!B:B,A15,Mediciones!I:I) -> 0
